id,first_name,last_name,username,email,avatar,gender,date_of_birth,address
8948,Apryl,Hyatt,apryl.hyatt,apryl.hyatt@email.com,https://robohash.org/accusamusassumendacupiditate.png?size=300x300&set=set1,Non-binary,1991-06-04,"Lake Kandi, Lorina Pine, 53441 Larry Lodge"
6577,Blair,Schimmel,blair.schimmel,blair.schimmel@email.com,https://robohash.org/etaccusamusaspernatur.png?size=300x300&set=set1,Polygender,1958-02-14,"Ortizstad, Lakia Inlet, 5041 Stacia Trafficway"
4033,Charlyn,Streich,charlyn.streich,charlyn.streich@email.com,https://robohash.org/voluptatumvoluptasest.png?size=300x300&set=set1,Agender,1977-06-22,"New Robert, Altenwerth Dale, 43717 Telma Light"
5489,Darrick,Boyle,darrick.boyle,darrick.boyle@email.com,https://robohash.org/quicorporisdolor.png?size=300x300&set=set1,Genderfluid,2001-11-05,"Luettgenbury, Angelyn Flat, 552 Weissnat Gardens"
6526,Denita,Mertz,denita.mertz,denita.mertz@email.com,https://robohash.org/totamataut.png?size=300x300&set=set1,Polygender,2001-12-06,"Lake Dani, Fisher Garden, 37348 Ronnie Harbors"
546,Elmer,Cummerata,elmer.cummerata,elmer.cummerata@email.com,https://robohash.org/rerumrepellatdelectus.png?size=300x300&set=set1,Male,1968-10-12,"Wisozkville, Cris Grove, 9704 Klein Route"
2434,Jacques,Parker,jacques.parker,jacques.parker@email.com,https://robohash.org/blanditiisestmollitia.png?size=300x300&set=set1,Polygender,1967-06-20,"Nienowville, Aiko Brooks, 8890 Rutherford Island"
5378,Leon,Bradtke,leon.bradtke,leon.bradtke@email.com,https://robohash.org/harumnatusconsequatur.png?size=300x300&set=set1,Non-binary,2003-01-22,"Lake Bennett, Vannesa Course, 73619 Tyler Unions"
5310,Leslie,Gusikowski,leslie.gusikowski,leslie.gusikowski@email.com,https://robohash.org/liberoomniset.png?size=300x300&set=set1,Female,1967-06-11,"Lake Edra, Conn Lake, 278 Shields Forges"
977,Maire,Weissnat,maire.weissnat,maire.weissnat@email.com,https://robohash.org/quiafuganostrum.png?size=300x300&set=set1,Polygender,2000-10-01,"Lylestad, Okuneva Common, 63275 Abdul Pines"
2465,Marget,Thiel,marget.thiel,marget.thiel@email.com,https://robohash.org/itaqueomnisut.png?size=300x300&set=set1,Bigender,1967-07-16,"New Darrickchester, Joan Meadows, 46021 Veda Locks"
9702,Maryam,Crist,maryam.crist,maryam.crist@email.com,https://robohash.org/autvelmodi.png?size=300x300&set=set1,Genderfluid,1962-10-28,"Port Kristopher, Jude Stream, 834 Lajuana Port"
2660,Milagro,Heidenreich,milagro.heidenreich,milagro.heidenreich@email.com,https://robohash.org/etadipiscicupiditate.png?size=300x300&set=set1,Male,1999-08-26,"West Ellismouth, Cleveland Plain, 9101 Raelene Circles"
5044,Modesta,Doyle,modesta.doyle,modesta.doyle@email.com,https://robohash.org/molestiasautet.png?size=300x300&set=set1,Genderqueer,1987-05-28,"Port Lazarochester, Becker Rapids, 59537 Beier Pine"
8422,Raina,Mertz,raina.mertz,raina.mertz@email.com,https://robohash.org/estquinisi.png?size=300x300&set=set1,Non-binary,1992-01-21,"South Terrilynburgh, Hauck Mission, 858 Fairy Shoal"
5087,Rocco,Ondricka,rocco.ondricka,rocco.ondricka@email.com,https://robohash.org/perferendisiniusto.png?size=300x300&set=set1,Non-binary,1966-05-30,"Fredrickbury, Schaefer Plaza, 16686 Miller Light"
4088,Salvatore,Pagac,salvatore.pagac,salvatore.pagac@email.com,https://robohash.org/magnicorruptiquos.png?size=300x300&set=set1,Genderqueer,1964-12-08,"Hillaryberg, Kirlin Highway, 15665 Chan Cape"
8351,Shanda,Bashirian,shanda.bashirian,shanda.bashirian@email.com,https://robohash.org/similiqueaccusantiumconsequatur.png?size=300x300&set=set1,Agender,1992-10-24,"Chihaven, Willard Lane, 90400 Emmitt Park"
9,Sol,Mohr,sol.mohr,sol.mohr@email.com,https://robohash.org/adipiscisimiliquevel.png?size=300x300&set=set1,Genderqueer,1979-06-16,"New Rodgerport, Jacobs Summit, 1326 Donetta Squares"
4720,Sonya,Corwin,sonya.corwin,sonya.corwin@email.com,https://robohash.org/exanimiunde.png?size=300x300&set=set1,Agender,1977-04-09,"East Osvaldoland, Kohler Ferry, 3021 Henry Lake"